slice,timeframe,analysis,direction,bucket,frame,n,clusters,hit_rate,mean_r_gross,mean_r_gross_ci,mean_r_net,mean_r_net_ci,lift_r_gross,lift_r_gross_ci,lift_r_net,lift_r_net_ci,median_risk_pts
discovery,15min,all_cisd,both,all,k0,79095,948,0.6013,-0.1219,0.0061,-0.294,0.0076,-0.0,0.006,-0.0,0.0075,6.5
discovery,15min,candle_size,bearish,0.5x-1x ATR,k0,10267,948,0.6884,-0.0785,0.0124,-0.1874,0.0131,0.0496,0.0124,0.0832,0.0128,8.75
discovery,15min,candle_size,bearish,1x-1.5x ATR,k0,3096,889,0.7739,-0.0291,0.0178,-0.099,0.0181,0.0975,0.0178,0.1535,0.0182,13.25
discovery,15min,candle_size,bearish,<0.5x ATR,k0,24608,948,0.5096,-0.1675,0.0132,-0.3935,0.0148,-0.0398,0.0131,-0.0653,0.0145,4.75
discovery,15min,candle_size,bearish,>1.5x ATR,k0,1499,670,0.7845,-0.0128,0.0197,-0.0556,0.0198,0.113,0.0196,0.1856,0.0197,21.5
discovery,15min,candle_size,bullish,0.5x-1x ATR,k0,10862,948,0.7064,-0.0885,0.0118,-0.1918,0.0123,0.0304,0.0118,0.0596,0.0122,9.25
discovery,15min,candle_size,bullish,1x-1.5x ATR,k0,3112,895,0.7773,-0.0371,0.0167,-0.1075,0.0171,0.0808,0.0166,0.1293,0.0168,13.75
discovery,15min,candle_size,bullish,<0.5x ATR,k0,24298,948,0.544,-0.1438,0.0128,-0.3596,0.0146,-0.0289,0.0128,-0.0519,0.0144,5.0
discovery,15min,candle_size,bullish,>1.5x ATR,k0,1343,630,0.79,-0.0269,0.0245,-0.0699,0.0247,0.0895,0.0245,0.1586,0.0247,21.5
discovery,15min,cisd_fvg,bearish,mid0_fvg,k2,363,254,0.27,-0.1099,0.0873,-0.2217,0.0914,-0.0359,0.0843,0.0071,0.0849,9.25
discovery,15min,cisd_fvg,bullish,mid0_fvg,k2,336,252,0.3333,0.0405,0.1407,-0.0649,0.1392,0.0406,0.1189,0.0778,0.12,11.38
discovery,15min,combined,bearish,1c_past_wick,k0,5665,933,0.7167,-0.046,0.0158,-0.1395,0.0162,0.0809,0.0158,0.1211,0.0161,10.5
discovery,15min,combined,bearish,1c_within_wick,k0,14246,948,0.5347,-0.1585,0.0169,-0.3743,0.0189,-0.0306,0.0167,-0.0465,0.0184,5.0
discovery,15min,combined,bearish,2c_past_wick,k0,2725,856,0.713,-0.0625,0.0232,-0.1578,0.0244,0.0642,0.0231,0.0988,0.0237,10.25
discovery,15min,combined,bullish,1c_past_wick,k0,5921,937,0.7247,-0.0582,0.015,-0.1554,0.0155,0.0597,0.015,0.0892,0.0156,10.5
discovery,15min,fvg_size,bearish,0.5x-1x ATR,k2,69,60,0.2174,-0.225,0.1376,-0.2933,0.1422,-0.1393,0.1322,-0.0581,0.1316,15.5
discovery,15min,post_cisd_context,bearish,failed_gap_against,fwd,6828,947,0.4139,-0.2074,0.0286,-0.458,0.0317,-0.1009,0.0285,-0.0946,0.0301,6.0
discovery,15min,post_cisd_context,bearish,failed_gap_with,fwd,6254,948,0.4878,0.0124,0.0408,-0.2365,0.0417,0.1206,0.0407,0.1308,0.0408,6.0
discovery,15min,post_cisd_context,bullish,failed_gap_against,fwd,5962,942,0.4324,-0.2218,0.0266,-0.4584,0.031,-0.1148,0.0265,-0.1051,0.0285,6.5
discovery,15min,post_cisd_context,bullish,failed_gap_with,fwd,6741,947,0.5174,0.0056,0.0354,-0.2376,0.0369,0.1096,0.0351,0.112,0.0358,6.25
discovery,15min,rvol,bearish,1x-1.5x slot (elevated),k0,9571,898,0.6224,-0.0917,0.0173,-0.2152,0.0177,0.0338,0.0172,0.0721,0.0176,9.0
discovery,15min,rvol,bearish,<0.7x slot,k0,12465,882,0.5453,-0.1791,0.0163,-0.4396,0.0187,-0.0488,0.0162,-0.1098,0.0184,3.75
discovery,15min,rvol,bullish,<0.7x slot,k0,12417,881,0.5746,-0.1571,0.0159,-0.4054,0.0184,-0.0378,0.0159,-0.0968,0.0179,4.0
discovery,15min,session,bearish,rth_open,k0,1732,827,0.6339,-0.0796,0.0416,-0.1431,0.0419,0.0439,0.0417,0.1312,0.0421,16.62
discovery,15min,session,bullish,rth_open,k0,1765,827,0.6669,-0.0828,0.0397,-0.1395,0.0399,0.0285,0.0398,0.1074,0.0402,18.75
discovery,15min,size_cross,bearish,Big CISD / Big prev,k0,677,425,0.7607,-0.0423,0.0383,-0.106,0.0388,0.084,0.0382,0.1461,0.0387,15.25
discovery,15min,size_cross,bearish,Big CISD / Small prev,k0,3918,912,0.7802,-0.0206,0.0144,-0.0811,0.0148,0.1058,0.0144,0.167,0.0148,15.75
discovery,15min,size_cross,bearish,Small CISD / Small prev,k0,31015,948,0.5618,-0.1421,0.0106,-0.336,0.012,-0.0145,0.0105,-0.0261,0.0118,5.5
discovery,15min,size_cross,bullish,Big CISD / Big prev,k0,832,459,0.7969,-0.037,0.0317,-0.0981,0.0322,0.0793,0.0316,0.1307,0.0317,16.5
discovery,15min,size_cross,bullish,Big CISD / Small prev,k0,3623,908,0.7775,-0.0333,0.0148,-0.0957,0.0151,0.0843,0.0148,0.1399,0.0151,15.75
discovery,15min,smt_in_block,bearish,cisd_out_block,k0,2832,814,0.6437,-0.078,0.0309,-0.2236,0.0328,0.0511,0.0308,0.0652,0.0324,7.5
discovery,15min,smt_role,bearish,swept,k0,1849,790,0.6214,-0.0825,0.0367,-0.2483,0.0391,0.0467,0.0367,0.0497,0.0381,6.75
discovery,15min,sweep_depth,bullish,0.5x-1x ATR,k0,962,551,0.6975,-0.0643,0.042,-0.1769,0.0436,0.051,0.0421,0.0915,0.0431,9.25
discovery,15min,volume,bearish,1x-1.5x,k0,10845,948,0.6172,-0.0925,0.0165,-0.25,0.0175,0.0343,0.0163,0.0499,0.0172,7.0
discovery,15min,volume,bearish,<1x (lower vol),k0,22597,948,0.5659,-0.1594,0.0122,-0.3575,0.0136,-0.0319,0.0122,-0.0536,0.0134,5.5
discovery,15min,volume_zscore,bearish,-0.5-0.5 sigma,k0,15853,924,0.6041,-0.1069,0.0137,-0.2674,0.0143,0.0206,0.0137,0.0332,0.0143,6.75
discovery,15min,volume_zscore,bearish,<-0.5 sigma,k0,14741,902,0.5506,-0.1723,0.0151,-0.4081,0.0172,-0.0437,0.0149,-0.0904,0.0169,4.5
discovery,15min,volume_zscore,bullish,-0.5-0.5 sigma,k0,15707,924,0.6277,-0.0999,0.0134,-0.2532,0.0142,0.0158,0.0134,0.0296,0.0142,7.0
discovery,15min,volume_zscore,bullish,<-0.5 sigma,k0,14648,890,0.5806,-0.1565,0.0148,-0.3831,0.0168,-0.0385,0.0148,-0.086,0.0164,4.75
discovery,15min,wick,bearish,past_wick,k0,10951,948,0.7114,-0.0589,0.0114,-0.1523,0.0119,0.0677,0.0113,0.1045,0.0117,10.5
discovery,15min,wick,bearish,within_wick,k0,28522,948,0.5397,-0.154,0.0118,-0.3622,0.0133,-0.026,0.0117,-0.0401,0.0131,5.25
discovery,15min,wick,bullish,past_wick,k0,11031,947,0.7226,-0.0703,0.011,-0.1649,0.0114,0.0472,0.011,0.076,0.0115,10.75
discovery,15min,wick,bullish,within_wick,k0,28591,948,0.5738,-0.134,0.0113,-0.3299,0.0127,-0.0182,0.0113,-0.0293,0.0126,5.5
discovery,15min,wick_distance,bearish,-1x-0 ATR (within wick),k0,25016,948,0.5431,-0.1547,0.0123,-0.3651,0.0139,-0.0271,0.0122,-0.0458,0.0137,5.0
discovery,15min,wick_distance,bearish,0-1x ATR (past wick),k0,9889,948,0.7048,-0.0649,0.0122,-0.1636,0.0127,0.0614,0.0121,0.0943,0.0126,9.75
discovery,15min,wick_distance,bearish,>1x ATR (far past wick),k0,1061,547,0.7719,-0.0031,0.0229,-0.0473,0.024,0.1259,0.0229,0.1994,0.0231,22.5
discovery,15min,wick_distance,bullish,-1x-0 ATR (within wick),k0,25014,948,0.5767,-0.1353,0.012,-0.3355,0.0135,-0.0195,0.0119,-0.0367,0.0134,5.5
discovery,15min,wick_distance,bullish,0-1x ATR (past wick),k0,10144,946,0.7202,-0.0738,0.0116,-0.1727,0.0121,0.0436,0.0116,0.0685,0.0122,10.0
discovery,1H,all_cisd,both,all,k0,20946,948,0.5952,-0.1174,0.0126,-0.2023,0.0129,0.0,0.0122,-0.0,0.0125,13.25
discovery,1H,candle_size,bearish,>1.5x ATR,k0,624,368,0.7804,0.0092,0.0308,-0.0072,0.0307,0.1447,0.0309,0.1844,0.0309,59.0
discovery,1H,candle_size,bullish,>1.5x ATR,k0,571,345,0.8249,-0.013,0.032,-0.0323,0.0321,0.1176,0.032,0.1511,0.032,48.5
discovery,1H,cisd_fvg,bearish,mid0_fvg,k2,119,92,0.2101,-0.1084,0.1152,-0.1413,0.1163,-0.0214,0.1189,0.0022,0.1192,31.25
discovery,1H,rvol,bullish,<0.7x slot,k0,2677,667,0.5656,-0.1671,0.0437,-0.2921,0.0438,-0.0507,0.0396,-0.0886,0.0401,7.75
discovery,1H,smt_role,bearish,failed_to_sweep,k0,534,400,0.5019,-0.2341,0.0636,-0.3261,0.065,-0.1081,0.0642,-0.1103,0.0655,12.0
discovery,1H,sweep_depth,bearish,0.5x-1x ATR,k0,283,220,0.6926,-0.0124,0.0786,-0.0835,0.0787,0.1145,0.0789,0.127,0.0788,14.0
discovery,1H,wick_distance,bearish,>1x ATR (far past wick),k0,404,272,0.7921,0.0146,0.0337,-0.0048,0.0335,0.1515,0.0339,0.1876,0.0336,58.38
discovery,1H,wick_distance,bullish,>1x ATR (far past wick),k0,328,217,0.8262,-0.0101,0.0429,-0.0326,0.0429,0.1185,0.0427,0.1508,0.0424,44.25
discovery,4H,all_cisd,both,all,k0,5820,192,0.5328,-0.1701,0.0227,-0.2173,0.0229,0.0,0.0214,-0.0,0.0216,24.5
discovery,4H,volume,bullish,>2.5x (spike),k0,460,172,0.6826,-0.0232,0.0703,-0.0418,0.0705,0.121,0.0717,0.1407,0.0718,57.12
discovery,Daily,all_cisd,both,all,k0,1152,191,0.5825,-0.1966,0.0462,-0.2141,0.0463,0.0,0.0417,-0.0,0.0416,70.38
discovery,Daily,candle_size,bearish,1x-1.5x ATR,k0,66,46,0.8788,0.0542,0.0738,0.0494,0.0735,0.1982,0.0792,0.204,0.0793,197.62
discovery,Daily,rvol,bearish,<0.7x slot,k0,132,73,0.3636,-0.5243,0.1456,-0.563,0.1478,-0.2818,0.1315,-0.2992,0.1325,27.62
discovery,Daily,rvol,bullish,<0.7x slot,k0,114,63,0.3246,-0.5943,0.1424,-0.635,0.1453,-0.2944,0.12,-0.3106,0.12,24.75
discovery,Daily,size_cross,bearish,Big CISD / Small prev,k0,83,54,0.8795,0.0405,0.0639,0.0359,0.0639,0.1865,0.0654,0.1925,0.0656,219.0
discovery,Daily,volume_zscore,bearish,<-0.5 sigma,k0,138,76,0.3841,-0.4857,0.1461,-0.5245,0.1481,-0.2505,0.1332,-0.268,0.1341,26.75
discovery,Daily,volume_zscore,bullish,<-0.5 sigma,k0,114,63,0.3246,-0.5943,0.1424,-0.635,0.1453,-0.2944,0.12,-0.3106,0.12,24.75
holdout,15min,all_cisd,both,all,k0,14675,168,0.5999,-0.1253,0.0137,-0.2333,0.0153,0.0,0.0137,0.0,0.0149,10.75
holdout,15min,candle_size,bearish,0.5x-1x ATR,k0,1870,168,0.7021,-0.0792,0.0282,-0.1451,0.0292,0.0547,0.0277,0.0748,0.0284,15.5
holdout,15min,candle_size,bearish,1x-1.5x ATR,k0,539,160,0.7588,-0.0481,0.0446,-0.0897,0.0454,0.079,0.045,0.1145,0.0457,24.5
holdout,15min,candle_size,bearish,<0.5x ATR,k0,4686,168,0.5002,-0.1853,0.0294,-0.3276,0.0312,-0.0381,0.0294,-0.0525,0.0311,7.5
holdout,15min,candle_size,bearish,>1.5x ATR,k0,232,106,0.819,0.0142,0.0448,-0.0103,0.045,0.1399,0.0453,0.1858,0.0464,46.75
holdout,15min,candle_size,bullish,0.5x-1x ATR,k0,2043,168,0.7347,-0.0506,0.0253,-0.1132,0.0252,0.0527,0.0253,0.0701,0.0256,15.75
holdout,15min,candle_size,bullish,1x-1.5x ATR,k0,612,158,0.8023,-0.0291,0.0393,-0.0693,0.0396,0.0686,0.0392,0.098,0.0396,23.75
holdout,15min,candle_size,bullish,<0.5x ATR,k0,4430,168,0.5293,-0.1515,0.0322,-0.2887,0.0331,-0.0376,0.031,-0.0521,0.0319,8.0
holdout,15min,candle_size,bullish,>1.5x ATR,k0,247,110,0.8178,-0.0255,0.0517,-0.0479,0.0521,0.0697,0.0515,0.1098,0.052,45.0
holdout,15min,cisd_fvg,bearish,mid0_fvg,k2,58,41,0.3276,0.1715,0.2578,0.0986,0.2574,0.1344,0.3246,0.1717,0.3214,10.62
holdout,15min,cisd_fvg,bullish,mid0_fvg,k2,65,46,0.4154,-0.0316,0.2658,-0.0973,0.2652,0.0597,0.2998,0.0811,0.2972,22.25
holdout,15min,combined,bearish,1c_past_wick,k0,950,164,0.7095,-0.0723,0.0379,-0.1323,0.0389,0.0585,0.0375,0.0815,0.0382,18.75
holdout,15min,combined,bearish,1c_within_wick,k0,2731,168,0.5324,-0.1603,0.0358,-0.2932,0.0383,-0.0103,0.0355,-0.0155,0.0376,8.25
holdout,15min,combined,bearish,2c_past_wick,k0,579,153,0.7029,-0.0694,0.0539,-0.1332,0.0557,0.0635,0.0528,0.0875,0.0538,15.75
holdout,15min,combined,bullish,1c_past_wick,k0,1141,165,0.7415,-0.0585,0.0339,-0.122,0.0336,0.0428,0.0338,0.0563,0.0345,16.25
holdout,15min,fvg_size,bearish,0.5x-1x ATR,k2,12,9,0.1667,0.1086,0.7288,0.0343,0.7405,0.1826,0.7562,0.2121,0.7764,10.38
holdout,15min,post_cisd_context,bearish,failed_gap_against,fwd,1386,167,0.4257,-0.1793,0.0675,-0.3613,0.0733,-0.1037,0.0664,-0.0991,0.0693,10.0
holdout,15min,post_cisd_context,bearish,failed_gap_with,fwd,1240,168,0.4782,0.0359,0.117,-0.1324,0.1166,0.0991,0.1151,0.1007,0.1135,10.5
holdout,15min,post_cisd_context,bullish,failed_gap_against,fwd,1272,168,0.4308,-0.2236,0.0656,-0.3708,0.0709,-0.148,0.0677,-0.1434,0.0704,12.25
holdout,15min,post_cisd_context,bullish,failed_gap_with,fwd,1382,168,0.5043,0.0344,0.1165,-0.1202,0.1139,0.0929,0.1153,0.0916,0.1121,12.5
holdout,15min,rvol,bearish,1x-1.5x slot (elevated),k0,1566,157,0.636,-0.0946,0.0397,-0.1674,0.0422,0.0393,0.0396,0.0683,0.0405,16.25
holdout,15min,rvol,bearish,<0.7x slot,k0,2682,164,0.5324,-0.2002,0.0363,-0.3608,0.0383,-0.0526,0.0362,-0.09,0.0378,6.12
holdout,15min,rvol,bullish,<0.7x slot,k0,2565,166,0.5891,-0.1326,0.0343,-0.2899,0.0364,-0.0201,0.0338,-0.0567,0.0351,6.25
holdout,15min,session,bearish,rth_open,k0,324,153,0.6728,-0.0639,0.0826,-0.1052,0.083,0.0623,0.0816,0.1129,0.0816,30.0
holdout,15min,session,bullish,rth_open,k0,325,148,0.7138,0.0006,0.094,-0.0314,0.094,0.1147,0.0929,0.1624,0.0949,31.25
holdout,15min,size_cross,bearish,Big CISD / Big prev,k0,121,68,0.7603,-0.0616,0.0939,-0.0921,0.0947,0.0634,0.0948,0.0975,0.0946,35.5
holdout,15min,size_cross,bearish,Big CISD / Small prev,k0,650,163,0.78,-0.0233,0.0363,-0.061,0.0371,0.1036,0.0361,0.1431,0.0364,28.12
holdout,15min,size_cross,bearish,Small CISD / Small prev,k0,5831,168,0.5589,-0.1537,0.0244,-0.2765,0.026,-0.0103,0.0243,-0.0177,0.0257,9.0
holdout,15min,size_cross,bullish,Big CISD / Big prev,k0,174,89,0.7816,-0.0892,0.0829,-0.1238,0.0833,0.0084,0.0831,0.0379,0.0826,30.25
holdout,15min,size_cross,bullish,Big CISD / Small prev,k0,685,157,0.8131,-0.0126,0.0337,-0.0478,0.034,0.0843,0.0336,0.1175,0.0343,28.75
holdout,15min,smt_in_block,bearish,cisd_out_block,k0,503,150,0.6282,-0.0734,0.0862,-0.1664,0.0885,0.0592,0.0852,0.0663,0.0878,13.5
holdout,15min,smt_role,bearish,swept,k0,346,141,0.604,-0.119,0.0882,-0.2238,0.0896,0.0175,0.0879,0.0122,0.0887,10.75
holdout,15min,sweep_depth,bullish,0.5x-1x ATR,k0,182,101,0.7253,-0.0108,0.1246,-0.0731,0.1255,0.0979,0.1251,0.1208,0.1283,16.12
holdout,15min,volume,bearish,1x-1.5x,k0,1919,168,0.5909,-0.1388,0.0346,-0.2422,0.0361,0.0059,0.0343,0.0118,0.0354,11.0
holdout,15min,volume,bearish,<1x (lower vol),k0,4409,168,0.5713,-0.1553,0.0282,-0.2783,0.0301,-0.0152,0.0282,-0.0278,0.0296,9.25
holdout,15min,volume_zscore,bearish,-0.5-0.5 sigma,k0,3120,165,0.609,-0.1244,0.0306,-0.2236,0.0331,0.0164,0.03,0.0267,0.0313,11.5
holdout,15min,volume_zscore,bearish,<-0.5 sigma,k0,2863,164,0.5306,-0.1949,0.0351,-0.3452,0.0365,-0.0506,0.035,-0.0819,0.036,7.0
holdout,15min,volume_zscore,bullish,-0.5-0.5 sigma,k0,3097,167,0.6274,-0.1105,0.0331,-0.2047,0.034,-0.0007,0.0327,0.0086,0.033,12.25
holdout,15min,volume_zscore,bullish,<-0.5 sigma,k0,2730,166,0.5868,-0.1397,0.0318,-0.2851,0.0337,-0.0291,0.0315,-0.0593,0.0331,7.25
holdout,15min,wick,bearish,past_wick,k0,2003,168,0.7049,-0.0761,0.0286,-0.1368,0.0299,0.0551,0.0284,0.077,0.0295,18.25
holdout,15min,wick,bearish,within_wick,k0,5332,168,0.5341,-0.1663,0.0275,-0.297,0.0292,-0.0207,0.0275,-0.0289,0.029,8.5
holdout,15min,wick,bullish,past_wick,k0,2166,168,0.7382,-0.0559,0.0235,-0.1156,0.0238,0.0468,0.0234,0.0649,0.0239,18.0
holdout,15min,wick,bullish,within_wick,k0,5174,168,0.5692,-0.1312,0.0275,-0.2543,0.0282,-0.0196,0.0264,-0.0272,0.027,9.0
holdout,15min,wick_distance,bearish,-1x-0 ATR (within wick),k0,4664,168,0.5375,-0.1667,0.0288,-0.2987,0.0307,-0.0212,0.0288,-0.0327,0.0306,8.25
holdout,15min,wick_distance,bearish,0-1x ATR (past wick),k0,1821,168,0.698,-0.0828,0.0294,-0.1468,0.0309,0.0485,0.029,0.0675,0.0302,16.75
holdout,15min,wick_distance,bearish,>1x ATR (far past wick),k0,182,97,0.7747,-0.0085,0.0849,-0.0364,0.085,0.1213,0.0866,0.1721,0.0881,39.25
holdout,15min,wick_distance,bullish,-1x-0 ATR (within wick),k0,4623,168,0.5711,-0.1357,0.0288,-0.262,0.0296,-0.0243,0.0279,-0.0353,0.0286,9.0
holdout,15min,wick_distance,bullish,0-1x ATR (past wick),k0,2008,168,0.7321,-0.059,0.0249,-0.1211,0.0251,0.0438,0.0247,0.0601,0.0251,17.0
holdout,1H,all_cisd,both,all,k0,3677,168,0.582,-0.1424,0.0277,-0.1947,0.0288,-0.0,0.0253,-0.0,0.0259,21.75
holdout,1H,candle_size,bearish,>1.5x ATR,k0,96,53,0.8125,0.0209,0.0576,0.0085,0.0579,0.1968,0.0596,0.2246,0.0601,56.75
holdout,1H,candle_size,bullish,>1.5x ATR,k0,87,54,0.8506,0.0146,0.1034,0.0036,0.1037,0.1153,0.0985,0.1403,0.0985,62.25
holdout,1H,cisd_fvg,bearish,mid0_fvg,k2,25,18,0.12,-0.2255,0.3362,-0.2669,0.3347,0.0389,0.2909,0.0555,0.2884,30.0
holdout,1H,rvol,bullish,<0.7x slot,k0,526,120,0.6008,-0.1643,0.0681,-0.2445,0.0695,-0.0425,0.0681,-0.0622,0.0688,12.25
holdout,1H,smt_role,bearish,failed_to_sweep,k0,99,75,0.4848,-0.3133,0.1405,-0.3767,0.1421,-0.1117,0.143,-0.1129,0.144,18.5
holdout,1H,sweep_depth,bearish,0.5x-1x ATR,k0,51,40,0.6667,-0.0349,0.1719,-0.0754,0.1743,0.1487,0.1686,0.1565,0.1716,26.5
holdout,1H,wick_distance,bearish,>1x ATR (far past wick),k0,66,42,0.7576,0.1701,0.3645,0.1502,0.3547,0.2027,0.0883,0.2328,0.0891,65.25
holdout,1H,wick_distance,bullish,>1x ATR (far past wick),k0,40,27,0.8,-0.014,0.1682,-0.0265,0.1688,0.0987,0.163,0.1261,0.1625,59.25
holdout,4H,all_cisd,both,all,k0,1045,34,0.5722,-0.1506,0.0445,-0.1777,0.0448,-0.0,0.04,0.0,0.0401,43.0
holdout,4H,volume,bullish,>2.5x (spike),k0,90,32,0.6667,0.0181,0.1574,0.0075,0.1577,0.073,0.1271,0.0856,0.1262,75.0
holdout,Daily,all_cisd,both,all,k0,193,34,0.6062,-0.15,0.1159,-0.1597,0.116,-0.0,0.0929,-0.0,0.0929,124.75
holdout,Daily,candle_size,bearish,1x-1.5x ATR,k0,9,8,0.7778,0.0062,0.3426,0.0027,0.3433,0.1119,0.3751,0.1137,0.3748,409.25
holdout,Daily,rvol,bearish,<0.7x slot,k0,24,13,0.4167,-0.513,0.2882,-0.5326,0.293,-0.1734,0.1752,-0.1755,0.1754,57.12
holdout,Daily,rvol,bullish,<0.7x slot,k0,24,14,0.4583,-0.4704,0.3275,-0.4858,0.3295,-0.0984,0.2696,-0.1018,0.271,62.62
holdout,Daily,size_cross,bearish,Big CISD / Small prev,k0,9,7,0.8889,0.1006,0.2303,0.0976,0.2303,0.2191,0.2759,0.2208,0.2761,409.25
holdout,Daily,volume_zscore,bearish,<-0.5 sigma,k0,24,13,0.4167,-0.513,0.2882,-0.5326,0.293,-0.1734,0.1752,-0.1755,0.1754,57.12
holdout,Daily,volume_zscore,bullish,<-0.5 sigma,k0,24,14,0.4583,-0.4704,0.3275,-0.4858,0.3295,-0.0984,0.2696,-0.1018,0.271,62.62
