analysis,timeframe,instrument,direction,bucket,discovery_rate,corrected_pass,wf_verdict,oos_rate,oos_n,same_side,clears_bar,geo_verdict,discovery_geo_lift,geo_wf_verdict,oos_geo_lift,oos_geo_n_eff,geo_clears_bar
candle1_followthrough,15min,ES,bearish,against_forward,0.271815,True,wf-robust,0.267876,4629,True,True,per-instrument,-0.000623,wf-fragile,-0.003054,4343.7,False
candle1_followthrough,15min,ES,bearish,against_inwindow,0.37813,True,wf-robust,0.361417,4629,True,True,diagnostic,-0.223912,diagnostic,-0.227999,1168.0,False
candle1_followthrough,15min,ES,bearish,with_past_wick_forward,0.921424,True,wf-robust,0.907992,2565,True,True,per-instrument,0.011456,wf-robust,0.004624,2565.0,False
candle1_followthrough,15min,ES,bearish,with_past_wick_inwindow,0.928478,True,wf-robust,0.926706,2565,True,True,diagnostic,0.282678,diagnostic,0.282538,831.4,False
candle1_followthrough,15min,ES,bearish,with_within_wick_forward,0.677662,True,wf-robust,0.692635,1412,True,True,per-instrument,-0.020597,wf-robust,0.001608,1318.3,False
candle1_followthrough,15min,ES,bearish,with_within_wick_inwindow,0.729262,True,wf-robust,0.723796,1412,True,True,diagnostic,0.231668,diagnostic,0.234205,775.0,False
candle1_followthrough,15min,ES,bullish,against_forward,0.293834,True,wf-robust,0.284686,4447,True,True,per-instrument,-0.000388,wf-fragile,0.0003,4238.8,False
candle1_followthrough,15min,ES,bullish,against_inwindow,0.391199,True,wf-robust,0.375759,4447,True,True,diagnostic,-0.236588,diagnostic,-0.244269,1003.6,False
candle1_followthrough,15min,ES,bullish,with_past_wick_forward,0.920595,True,wf-robust,0.921961,2896,True,True,per-instrument,0.01166,wf-robust,0.011307,2896.0,False
candle1_followthrough,15min,ES,bullish,with_past_wick_inwindow,0.933086,True,wf-robust,0.934047,2896,True,True,diagnostic,0.269909,diagnostic,0.26822,916.7,False
candle1_followthrough,15min,ES,bullish,with_within_wick_forward,0.702423,True,wf-robust,0.696362,1347,True,True,per-instrument,-0.024035,wf-robust,-0.025301,1146.3,False
candle1_followthrough,15min,ES,bullish,with_within_wick_inwindow,0.728271,True,wf-robust,0.740163,1347,True,True,diagnostic,0.205695,diagnostic,0.229768,826.9,False
candle1_followthrough,15min,NQ,bearish,against_forward,0.258423,True,wf-robust,0.253159,4827,True,True,per-instrument,0.0016,wf-robust,-0.002259,4495.5,False
candle1_followthrough,15min,NQ,bearish,against_inwindow,0.355197,True,wf-robust,0.343485,4827,True,True,diagnostic,-0.237361,diagnostic,-0.241132,1068.6,False
candle1_followthrough,15min,NQ,bearish,with_past_wick_forward,0.921557,True,wf-robust,0.918009,2793,True,True,per-instrument,0.002102,wf-robust,0.00601,2793.0,False
candle1_followthrough,15min,NQ,bearish,with_past_wick_inwindow,0.925538,True,wf-robust,0.931973,2793,True,True,diagnostic,0.285679,diagnostic,0.291391,807.6,False
candle1_followthrough,15min,NQ,bearish,with_within_wick_forward,0.658326,True,wf-robust,0.670762,1628,True,True,per-instrument,-0.009237,wf-robust,-0.003616,1482.6,False
candle1_followthrough,15min,NQ,bearish,with_within_wick_inwindow,0.697728,True,wf-robust,0.708231,1628,True,True,diagnostic,0.204624,diagnostic,0.215044,874.5,False
candle1_followthrough,15min,NQ,bullish,against_forward,0.27657,True,wf-robust,0.282775,4569,True,True,per-instrument,-0.002312,wf-robust,0.003474,4569.0,False
candle1_followthrough,15min,NQ,bullish,against_inwindow,0.371082,True,wf-robust,0.364631,4569,True,True,diagnostic,-0.255123,diagnostic,-0.256463,956.6,False
candle1_followthrough,15min,NQ,bullish,with_past_wick_forward,0.928323,True,wf-robust,0.92542,3218,True,True,per-instrument,0.003146,wf-robust,0.001588,3218.0,False
candle1_followthrough,15min,NQ,bullish,with_past_wick_inwindow,0.941318,True,wf-robust,0.941579,3218,True,True,diagnostic,0.274439,diagnostic,0.277449,889.7,False
candle1_followthrough,15min,NQ,bullish,with_within_wick_forward,0.684987,True,wf-robust,0.678832,1507,True,True,per-instrument,0.000313,wf-fragile,-0.013925,1507.0,False
candle1_followthrough,15min,NQ,bullish,with_within_wick_inwindow,0.713625,True,wf-robust,0.697412,1507,True,True,diagnostic,0.191427,diagnostic,0.185103,988.8,False
candle1_followthrough,15min,NQ+ES,bearish,against_forward,0.265029,False,wf-robust,0.260364,9456,True,False,within-3pp,0.000504,wf-fragile,-0.002648,5759.9,False
candle1_followthrough,15min,NQ+ES,bearish,against_inwindow,0.366509,False,wf-robust,0.352263,9456,True,False,diagnostic,-0.230727,diagnostic,-0.234703,1191.2,False
candle1_followthrough,15min,NQ+ES,bearish,with_past_wick_forward,0.921494,False,wf-robust,0.913214,5358,True,False,within-3pp,0.00653,wf-robust,0.005347,4013.1,False
candle1_followthrough,15min,NQ+ES,bearish,with_past_wick_inwindow,0.92693,False,wf-robust,0.929451,5358,True,False,diagnostic,0.284259,diagnostic,0.287153,857.0,False
candle1_followthrough,15min,NQ+ES,bearish,with_within_wick_forward,0.66738,False,wf-robust,0.680921,3040,True,False,within-3pp,-0.014556,wf-robust,-0.00119,2035.2,False
candle1_followthrough,15min,NQ+ES,bearish,with_within_wick_inwindow,0.712494,False,wf-robust,0.715461,3040,True,False,diagnostic,0.217288,diagnostic,0.223944,999.5,False
candle1_followthrough,15min,NQ+ES,bullish,against_forward,0.285095,False,wf-robust,0.283718,9016,True,False,within-3pp,-0.001362,wf-robust,0.001909,6088.3,False
candle1_followthrough,15min,NQ+ES,bullish,against_inwindow,0.381016,False,wf-robust,0.37012,9016,True,False,diagnostic,-0.24597,diagnostic,-0.250449,1039.0,False
candle1_followthrough,15min,NQ+ES,bullish,with_past_wick_forward,0.92466,False,wf-robust,0.923781,6114,True,False,within-3pp,0.007181,wf-robust,0.006192,4906.5,False
candle1_followthrough,15min,NQ+ES,bullish,with_past_wick_inwindow,0.937416,False,wf-robust,0.938011,6114,True,False,diagnostic,0.272292,diagnostic,0.273078,947.4,False
candle1_followthrough,15min,NQ+ES,bullish,with_within_wick_forward,0.693223,False,wf-robust,0.687106,2854,True,False,within-3pp,-0.011189,wf-robust,-0.019294,2118.6,False
candle1_followthrough,15min,NQ+ES,bullish,with_within_wick_inwindow,0.720543,False,wf-robust,0.717589,2854,True,False,diagnostic,0.198167,diagnostic,0.206183,1187.4,False
candle1_followthrough,1H,ES,bearish,against_forward,0.223646,True,wf-robust,0.226131,1194,True,True,per-instrument,-0.006406,wf-robust,-0.001385,1035.0,False
candle1_followthrough,1H,ES,bearish,against_inwindow,0.342606,True,wf-robust,0.365159,1194,True,True,diagnostic,-0.24082,diagnostic,-0.217492,689.9,False
candle1_followthrough,1H,ES,bearish,with_past_wick_forward,0.903774,True,wf-robust,0.901216,658,True,True,per-instrument,0.005535,wf-robust,0.005389,658.0,False
candle1_followthrough,1H,ES,bearish,with_past_wick_inwindow,0.924528,True,wf-robust,0.922492,658,True,True,diagnostic,0.291818,diagnostic,0.28569,508.0,False
candle1_followthrough,1H,ES,bearish,with_within_wick_forward,0.637631,True,wf-robust,0.625337,371,True,True,per-instrument,0.010106,wf-fragile,-0.0051,355.3,False
candle1_followthrough,1H,ES,bearish,with_within_wick_inwindow,0.720093,True,wf-robust,0.679245,371,True,True,diagnostic,0.225237,diagnostic,0.193265,346.6,False
candle1_followthrough,1H,ES,bullish,against_forward,0.267723,True,wf-robust,0.272727,1089,True,True,per-instrument,-0.003521,wf-fragile,-0.003231,1084.6,False
candle1_followthrough,1H,ES,bullish,against_inwindow,0.375446,True,wf-robust,0.386593,1089,True,True,diagnostic,-0.254651,diagnostic,-0.24864,569.1,False
candle1_followthrough,1H,ES,bullish,with_past_wick_forward,0.911075,True,wf-robust,0.922589,788,True,True,per-instrument,0.007577,wf-robust,0.000986,766.2,False
candle1_followthrough,1H,ES,bullish,with_past_wick_inwindow,0.932897,True,wf-robust,0.937817,788,True,True,diagnostic,0.260753,diagnostic,0.256109,641.8,False
candle1_followthrough,1H,ES,bullish,with_within_wick_forward,0.670056,True,wf-robust,0.702247,356,True,True,per-instrument,-0.00565,wf-fragile,0.007691,356.0,False
candle1_followthrough,1H,ES,bullish,with_within_wick_inwindow,0.707345,True,wf-robust,0.733146,356,True,True,diagnostic,0.186479,diagnostic,0.193696,353.2,False
candle1_followthrough,1H,NQ,bearish,against_forward,0.220979,True,wf-robust,0.224152,1267,True,True,per-instrument,-0.00559,wf-fragile,0.000623,1267.0,False
candle1_followthrough,1H,NQ,bearish,against_inwindow,0.325175,True,wf-robust,0.363062,1267,True,True,diagnostic,-0.247134,diagnostic,-0.216127,741.2,False
candle1_followthrough,1H,NQ,bearish,with_past_wick_forward,0.899465,True,wf-robust,0.906706,686,True,True,per-instrument,0.00235,wf-fragile,0.000727,686.0,False
candle1_followthrough,1H,NQ,bearish,with_past_wick_inwindow,0.931588,True,wf-robust,0.913994,686,True,True,diagnostic,0.308454,diagnostic,0.293494,489.8,False
candle1_followthrough,1H,NQ,bearish,with_within_wick_forward,0.614379,True,wf-robust,0.606299,381,True,True,per-instrument,0.013111,wf-fragile,-0.003379,372.7,False
candle1_followthrough,1H,NQ,bearish,with_within_wick_inwindow,0.689542,True,wf-robust,0.682415,381,True,True,diagnostic,0.205112,diagnostic,0.190279,375.6,False
candle1_followthrough,1H,NQ,bullish,against_forward,0.264087,True,wf-robust,0.289778,1125,True,True,per-instrument,0.000485,wf-fragile,0.00229,1073.3,False
candle1_followthrough,1H,NQ,bullish,against_inwindow,0.359504,True,wf-robust,0.374222,1125,True,True,diagnostic,-0.257121,diagnostic,-0.258572,550.2,False
candle1_followthrough,1H,NQ,bullish,with_past_wick_forward,0.900307,True,wf-robust,0.925,840,True,True,per-instrument,-2.8e-05,wf-fragile,-0.000299,805.1,False
candle1_followthrough,1H,NQ,bullish,with_past_wick_inwindow,0.931493,True,wf-robust,0.930952,840,True,True,diagnostic,0.275645,diagnostic,0.255327,680.8,False
candle1_followthrough,1H,NQ,bullish,with_within_wick_forward,0.644028,True,wf-robust,0.686684,383,True,True,per-instrument,-0.001447,wf-fragile,-0.006065,383.0,False
candle1_followthrough,1H,NQ,bullish,with_within_wick_inwindow,0.679157,True,wf-robust,0.720627,383,True,True,diagnostic,0.170133,diagnostic,0.199529,383.0,False
candle1_followthrough,1H,NQ+ES,bearish,against_forward,0.222282,False,wf-robust,0.225112,2461,True,False,within-3pp,-0.005988,wf-robust,-0.000352,1603.1,False
candle1_followthrough,1H,NQ+ES,bearish,against_inwindow,0.333691,False,wf-robust,0.36408,2461,True,False,diagnostic,-0.244049,diagnostic,-0.216789,845.0,False
candle1_followthrough,1H,NQ+ES,bearish,with_past_wick_forward,0.901559,False,wf-robust,0.904018,1344,True,False,within-3pp,0.003898,wf-robust,0.003009,1071.2,False
candle1_followthrough,1H,NQ+ES,bearish,with_past_wick_inwindow,0.928157,False,wf-robust,0.918155,1344,True,False,diagnostic,0.300368,diagnostic,0.289673,575.8,False
candle1_followthrough,1H,NQ+ES,bearish,with_within_wick_forward,0.625632,False,wf-robust,0.615691,752,True,False,inconclusive,0.011657,wf-fragile,-0.004228,560.7,False
candle1_followthrough,1H,NQ+ES,bearish,with_within_wick_inwindow,0.704328,False,wf-robust,0.680851,752,True,False,diagnostic,0.214852,diagnostic,0.191752,530.3,False
candle1_followthrough,1H,NQ+ES,bullish,against_forward,0.265857,False,wf-robust,0.281391,2214,True,False,within-3pp,-0.001465,wf-robust,-0.000425,1431.4,False
candle1_followthrough,1H,NQ+ES,bullish,against_inwindow,0.367264,False,wf-robust,0.380307,2214,True,False,diagnostic,-0.255918,diagnostic,-0.253687,636.7,False
candle1_followthrough,1H,NQ+ES,bullish,with_past_wick_forward,0.905516,False,wf-robust,0.923833,1628,True,False,within-3pp,0.003651,wf-robust,0.000323,1023.5,False
candle1_followthrough,1H,NQ+ES,bullish,with_past_wick_inwindow,0.932172,False,wf-robust,0.934275,1628,True,False,diagnostic,0.268441,diagnostic,0.255705,746.1,False
candle1_followthrough,1H,NQ+ES,bullish,with_within_wick_forward,0.657274,False,wf-robust,0.694181,739,True,False,within-3pp,-0.003586,wf-fragile,0.000562,645.8,False
candle1_followthrough,1H,NQ+ES,bullish,with_within_wick_inwindow,0.693502,False,wf-robust,0.726658,739,True,False,diagnostic,0.178452,diagnostic,0.196719,520.4,False
candle1_followthrough,4H,ES,bearish,against_forward,0.17581,True,wf-robust,0.177914,326,True,True,per-instrument,-0.00243,wf-robust,0.002107,326.0,False
candle1_followthrough,4H,ES,bearish,against_inwindow,0.302993,True,wf-robust,0.300613,326,True,True,diagnostic,-0.209249,diagnostic,-0.218323,180.5,False
candle1_followthrough,4H,ES,bearish,with_past_wick_forward,0.833724,True,wf-robust,0.891429,175,True,True,per-instrument,-0.001365,wf-fragile,0.008572,126.7,False
candle1_followthrough,4H,ES,bearish,with_past_wick_inwindow,0.868852,True,wf-robust,0.891429,175,True,True,diagnostic,0.292964,diagnostic,0.306159,97.8,False
candle1_followthrough,4H,ES,bearish,with_within_wick_forward,0.562771,False,wf-fragile,0.428571,112,False,False,per-instrument,0.010959,wf-fragile,-0.019526,90.3,False
candle1_followthrough,4H,ES,bearish,with_within_wick_inwindow,0.601732,True,wf-fragile,0.5625,112,True,False,diagnostic,0.184946,diagnostic,0.157101,81.2,False
candle1_followthrough,4H,ES,bullish,against_forward,0.236074,True,wf-robust,0.276817,289,True,True,per-instrument,0.001394,wf-fragile,-0.013734,249.5,False
candle1_followthrough,4H,ES,bullish,against_inwindow,0.332891,True,wf-robust,0.352941,289,True,True,diagnostic,-0.239282,diagnostic,-0.235749,147.9,False
candle1_followthrough,4H,ES,bullish,with_past_wick_forward,0.859438,True,wf-robust,0.853211,218,True,True,per-instrument,0.011063,wf-robust,0.008454,218.0,False
candle1_followthrough,4H,ES,bullish,with_past_wick_inwindow,0.909639,True,wf-robust,0.880734,218,True,True,diagnostic,0.297717,diagnostic,0.229152,169.0,False
candle1_followthrough,4H,ES,bullish,with_within_wick_forward,0.560748,False,wf-fragile,0.688073,109,True,False,per-instrument,-0.030655,wf-fragile,0.019379,109.0,False
candle1_followthrough,4H,ES,bullish,with_within_wick_inwindow,0.626168,True,wf-fragile,0.706422,109,True,False,diagnostic,0.150258,diagnostic,0.166756,109.0,False
candle1_followthrough,4H,NQ,bearish,against_forward,0.150253,True,wf-robust,0.172205,331,True,True,per-instrument,-0.009636,wf-robust,-0.015076,331.0,False
candle1_followthrough,4H,NQ,bearish,against_inwindow,0.276515,True,wf-robust,0.296073,331,True,True,diagnostic,-0.219064,diagnostic,-0.20625,196.7,False
candle1_followthrough,4H,NQ,bearish,with_past_wick_forward,0.827354,True,wf-robust,0.857143,175,True,True,per-instrument,-0.000981,wf-fragile,0.0,166.8,False
candle1_followthrough,4H,NQ,bearish,with_past_wick_inwindow,0.863229,True,wf-robust,0.88,175,True,True,diagnostic,0.310852,diagnostic,0.305168,94.9,False
candle1_followthrough,4H,NQ,bearish,with_within_wick_forward,0.506608,False,wf-fragile,0.53913,115,True,False,per-instrument,0.035548,wf-fragile,0.043391,87.8,False
candle1_followthrough,4H,NQ,bearish,with_within_wick_inwindow,0.568282,False,wf-fragile,0.530435,115,True,False,diagnostic,0.153562,diagnostic,0.129255,95.3,False
candle1_followthrough,4H,NQ,bullish,against_forward,0.21958,True,wf-robust,0.246575,292,True,True,per-instrument,-0.00211,wf-robust,-0.006039,236.6,False
candle1_followthrough,4H,NQ,bullish,against_inwindow,0.285315,True,wf-robust,0.318493,292,True,True,diagnostic,-0.264979,diagnostic,-0.258033,129.8,False
candle1_followthrough,4H,NQ,bullish,with_past_wick_forward,0.854582,True,wf-robust,0.855895,229,True,True,per-instrument,0.001384,wf-fragile,0.0,219.1,False
candle1_followthrough,4H,NQ,bullish,with_past_wick_inwindow,0.906375,True,wf-robust,0.89083,229,True,True,diagnostic,0.315669,diagnostic,0.267698,148.8,False
candle1_followthrough,4H,NQ,bullish,with_within_wick_forward,0.551181,False,wf-fragile,0.607843,102,True,False,per-instrument,0.003205,wf-fragile,0.017229,77.7,False
candle1_followthrough,4H,NQ,bullish,with_within_wick_inwindow,0.586614,True,wf-robust,0.647059,102,True,True,diagnostic,0.122024,diagnostic,0.137674,102.0,False
candle1_followthrough,4H,NQ+ES,bearish,against_forward,0.163112,False,wf-robust,0.175038,657,True,False,within-3pp,-0.00601,wf-robust,-0.00655,524.0,False
candle1_followthrough,4H,NQ+ES,bearish,against_inwindow,0.289837,False,wf-robust,0.298326,657,True,False,diagnostic,-0.214126,diagnostic,-0.21224,212.8,False
candle1_followthrough,4H,NQ+ES,bearish,with_past_wick_forward,0.83047,False,wf-robust,0.874286,350,True,False,within-3pp,-0.001169,wf-fragile,0.004286,189.4,False
candle1_followthrough,4H,NQ+ES,bearish,with_past_wick_inwindow,0.865979,False,wf-robust,0.885714,350,True,False,diagnostic,0.302103,diagnostic,0.305664,109.8,False
candle1_followthrough,4H,NQ+ES,bearish,with_within_wick_forward,0.534934,False,wf-robust,0.484581,227,False,False,inconclusive,0.023146,wf-robust,0.012348,131.4,False
candle1_followthrough,4H,NQ+ES,bearish,with_within_wick_inwindow,0.585153,False,wf-robust,0.546256,227,True,False,diagnostic,0.169391,diagnostic,0.142994,115.2,False
candle1_followthrough,4H,NQ+ES,bullish,against_forward,0.228046,False,wf-robust,0.261618,581,True,False,within-3pp,-0.000312,wf-fragile,-0.009866,301.4,False
candle1_followthrough,4H,NQ+ES,bullish,against_inwindow,0.309735,False,wf-robust,0.335628,581,True,False,diagnostic,-0.251789,diagnostic,-0.246948,159.1,False
candle1_followthrough,4H,NQ+ES,bullish,with_past_wick_forward,0.857,False,wf-robust,0.854586,447,True,False,within-3pp,0.006205,wf-robust,0.004123,380.4,False
candle1_followthrough,4H,NQ+ES,bullish,with_past_wick_inwindow,0.908,False,wf-robust,0.885906,447,True,False,diagnostic,0.306729,diagnostic,0.248899,174.7,False
candle1_followthrough,4H,NQ+ES,bullish,with_within_wick_forward,0.555556,False,wf-fragile,0.649289,211,True,False,inconclusive,-0.012278,wf-fragile,0.01834,138.6,False
candle1_followthrough,4H,NQ+ES,bullish,with_within_wick_inwindow,0.604701,False,wf-robust,0.677725,211,True,False,diagnostic,0.134935,diagnostic,0.152698,178.0,False
candle1_followthrough,Daily,ES,bearish,against_forward,0.231293,True,wf-fragile,0.081081,74,True,False,per-instrument,0.034451,wf-fragile,0.003378,65.9,False
candle1_followthrough,Daily,ES,bearish,against_inwindow,0.319728,True,wf-fragile,0.189189,74,True,False,diagnostic,-0.220843,diagnostic,-0.176995,74.0,False
candle1_followthrough,Daily,ES,bearish,with_past_wick_forward,0.865979,True,wf-fragile,0.892857,28,True,False,per-instrument,0.009375,wf-fragile,-0.0,25.7,False
candle1_followthrough,Daily,ES,bearish,with_past_wick_inwindow,0.907216,True,wf-fragile,0.821429,28,True,False,diagnostic,0.265387,diagnostic,0.354677,20.8,False
candle1_followthrough,Daily,ES,bearish,with_within_wick_forward,0.446809,False,wf-fragile,0.7,20,False,False,per-instrument,-0.1269,wf-fragile,-0.0125,20.0,False
candle1_followthrough,Daily,ES,bearish,with_within_wick_inwindow,0.553191,False,wf-fragile,0.5,20,False,False,diagnostic,0.143008,diagnostic,0.158333,16.2,False
candle1_followthrough,Daily,ES,bullish,against_forward,0.309677,True,wf-fragile,0.37931,58,True,False,per-instrument,0.004414,wf-fragile,0.017836,43.2,False
candle1_followthrough,Daily,ES,bullish,against_inwindow,0.322581,True,wf-fragile,0.37931,58,True,False,diagnostic,-0.225337,diagnostic,-0.20875,38.6,False
candle1_followthrough,Daily,ES,bullish,with_past_wick_forward,0.863248,True,wf-fragile,0.851852,54,True,False,per-instrument,0.0,wf-fragile,0.015046,54.0,False
candle1_followthrough,Daily,ES,bullish,with_past_wick_inwindow,0.888889,True,wf-fragile,0.888889,54,True,False,diagnostic,0.255918,diagnostic,0.172586,54.0,False
candle1_followthrough,Daily,ES,bullish,with_within_wick_forward,0.653846,False,wf-fragile,0.647059,17,True,False,per-instrument,-0.026313,wf-fragile,-0.107598,14.5,False
candle1_followthrough,Daily,ES,bullish,with_within_wick_inwindow,0.653846,False,wf-fragile,0.705882,17,True,False,diagnostic,0.191723,diagnostic,0.163993,12.1,False
candle1_followthrough,Daily,NQ,bearish,against_forward,0.258065,True,wf-fragile,0.138462,65,True,False,per-instrument,-0.006741,wf-fragile,0.012821,59.7,False
candle1_followthrough,Daily,NQ,bearish,against_inwindow,0.393548,True,wf-fragile,0.230769,65,True,False,diagnostic,-0.192193,diagnostic,-0.180873,65.0,False
candle1_followthrough,Daily,NQ,bearish,with_past_wick_forward,0.886364,True,wf-fragile,0.827586,29,True,False,per-instrument,0.0,wf-fragile,-0.0,29.0,False
candle1_followthrough,Daily,NQ,bearish,with_past_wick_inwindow,0.909091,True,wf-fragile,0.758621,29,True,False,diagnostic,0.288518,diagnostic,0.245457,28.4,False
candle1_followthrough,Daily,NQ,bearish,with_within_wick_forward,0.685714,False,wf-fragile,0.52381,21,True,False,per-instrument,0.029853,wf-fragile,-0.039683,21.0,False
candle1_followthrough,Daily,NQ,bearish,with_within_wick_inwindow,0.685714,False,wf-fragile,0.571429,21,True,False,diagnostic,0.125722,diagnostic,0.220881,13.0,False
candle1_followthrough,Daily,NQ,bullish,against_forward,0.236641,True,wf-fragile,0.307692,52,True,False,per-instrument,-0.004326,wf-fragile,0.00803,35.4,False
candle1_followthrough,Daily,NQ,bullish,against_inwindow,0.343511,True,wf-fragile,0.326923,52,True,False,diagnostic,-0.238996,diagnostic,-0.257948,32.9,False
candle1_followthrough,Daily,NQ,bullish,with_past_wick_forward,0.842975,True,wf-fragile,0.833333,48,True,False,per-instrument,-0.0,wf-fragile,0.0,48.0,False
candle1_followthrough,Daily,NQ,bullish,with_past_wick_inwindow,0.867769,True,wf-fragile,0.895833,48,True,False,diagnostic,0.201043,diagnostic,0.234021,47.7,False
candle1_followthrough,Daily,NQ,bullish,with_within_wick_forward,0.777778,False,wf-fragile,0.636364,22,True,False,per-instrument,0.015741,wf-fragile,-0.018615,21.5,False
candle1_followthrough,Daily,NQ,bullish,with_within_wick_inwindow,0.722222,False,wf-fragile,0.590909,22,True,False,diagnostic,0.193952,diagnostic,0.099105,22.0,False
candle1_followthrough,Daily,NQ+ES,bearish,against_forward,0.245033,False,wf-robust,0.107914,139,True,False,inconclusive,0.013309,wf-fragile,0.007794,95.9,False
candle1_followthrough,Daily,NQ+ES,bearish,against_inwindow,0.357616,False,wf-robust,0.208633,139,True,False,diagnostic,-0.206138,diagnostic,-0.178808,90.6,False
candle1_followthrough,Daily,NQ+ES,bearish,with_past_wick_forward,0.875676,False,wf-fragile,0.859649,57,True,False,inconclusive,0.004891,wf-fragile,-0.0,43.7,False
candle1_followthrough,Daily,NQ+ES,bearish,with_past_wick_inwindow,0.908108,False,wf-fragile,0.789474,57,True,False,diagnostic,0.27639,diagnostic,0.299109,35.1,False
candle1_followthrough,Daily,NQ+ES,bearish,with_within_wick_forward,0.54878,False,wf-fragile,0.609756,41,True,False,inconclusive,-0.059993,wf-fragile,-0.026423,41.0,False
candle1_followthrough,Daily,NQ+ES,bearish,with_within_wick_inwindow,0.609756,False,wf-fragile,0.536585,41,True,False,diagnostic,0.13563,diagnostic,0.19037,25.6,False
candle1_followthrough,Daily,NQ+ES,bullish,against_forward,0.276224,False,wf-robust,0.345455,110,True,False,inconclusive,0.000411,wf-fragile,0.013205,60.8,False
candle1_followthrough,Daily,NQ+ES,bullish,against_inwindow,0.332168,False,wf-robust,0.354545,110,True,False,diagnostic,-0.231593,diagnostic,-0.232007,41.1,False
candle1_followthrough,Daily,NQ+ES,bullish,with_past_wick_forward,0.852941,False,wf-fragile,0.843137,102,True,False,inconclusive,-0.0,wf-fragile,0.007966,67.7,False
candle1_followthrough,Daily,NQ+ES,bullish,with_past_wick_inwindow,0.878151,False,wf-fragile,0.892157,102,True,False,diagnostic,0.228019,diagnostic,0.201496,79.9,False
candle1_followthrough,Daily,NQ+ES,bullish,with_within_wick_forward,0.725806,False,wf-fragile,0.641026,39,True,False,below-n,-0.001895,wf-fragile,-0.057402,28.5,False
candle1_followthrough,Daily,NQ+ES,bullish,with_within_wick_inwindow,0.693548,False,wf-fragile,0.641026,39,True,False,diagnostic,0.193017,diagnostic,0.127389,27.7,False
post_cisd_context,15min,ES,bearish,candle2_past_candle1_wick,0.611111,False,wf-fragile,0.44,25,False,False,per-instrument,-0.013917,wf-fragile,-0.13943,20.8,False
post_cisd_context,15min,ES,bearish,failed_gap_against,0.317618,True,wf-robust,0.333793,1450,True,True,per-instrument,-0.050465,wf-robust,-0.047065,1439.1,False
post_cisd_context,15min,ES,bearish,failed_gap_against_neither,0.059864,True,wf-robust,0.063448,1450,True,True,per-instrument,,no-baseline,,,False
post_cisd_context,15min,ES,bearish,failed_gap_against_reversal,0.622519,True,wf-robust,0.602759,1450,True,True,per-instrument,,no-baseline,,,False
post_cisd_context,15min,ES,bearish,failed_gap_flat,0.362152,True,wf-robust,0.373847,3143,True,True,per-instrument,-0.003364,wf-robust,0.002328,3128.3,False
post_cisd_context,15min,ES,bearish,failed_gap_with,0.405089,True,wf-robust,0.386317,1447,True,True,per-instrument,0.039777,wf-robust,0.033908,1447.0,False
post_cisd_context,15min,ES,bullish,candle2_past_candle1_wick,0.756098,False,wf-fragile,0.592593,27,True,False,per-instrument,0.062075,wf-fragile,0.013154,23.5,False
post_cisd_context,15min,ES,bullish,failed_gap_against,0.341185,True,wf-robust,0.356175,1328,True,True,per-instrument,-0.054845,wf-robust,-0.048816,1078.3,False
post_cisd_context,15min,ES,bullish,failed_gap_against_neither,0.062455,True,wf-robust,0.054217,1328,True,True,per-instrument,,no-baseline,,,False
post_cisd_context,15min,ES,bullish,failed_gap_against_reversal,0.59636,True,wf-robust,0.589608,1328,True,True,per-instrument,,no-baseline,,,False
post_cisd_context,15min,ES,bullish,failed_gap_flat,0.381678,True,wf-robust,0.389204,3001,True,True,per-instrument,-0.009109,wf-robust,0.003942,2796.8,False
post_cisd_context,15min,ES,bullish,failed_gap_with,0.442047,True,wf-robust,0.3843,1465,True,True,per-instrument,0.044012,wf-robust,0.013825,1349.7,False
post_cisd_context,15min,NQ,bearish,candle2_past_candle1_wick,0.706897,True,wf-fragile,0.59375,32,True,False,per-instrument,0.094954,wf-fragile,-0.08109,28.4,False
post_cisd_context,15min,NQ,bearish,failed_gap_against,0.334681,True,wf-robust,0.346924,2698,True,True,per-instrument,-0.022295,wf-robust,-0.02521,2523.8,False
post_cisd_context,15min,NQ,bearish,failed_gap_against_neither,0.070947,True,wf-robust,0.077094,2698,True,True,per-instrument,,no-baseline,,,False
post_cisd_context,15min,NQ,bearish,failed_gap_against_reversal,0.594371,True,wf-robust,0.575982,2698,True,True,per-instrument,,no-baseline,,,False
post_cisd_context,15min,NQ,bearish,failed_gap_flat,0.346675,True,wf-robust,0.339875,1121,True,True,per-instrument,-0.000811,wf-fragile,-0.012442,1078.5,False
post_cisd_context,15min,NQ,bearish,failed_gap_with,0.378253,True,wf-robust,0.378368,2635,True,True,per-instrument,0.022442,wf-robust,0.024735,2422.6,False
post_cisd_context,15min,NQ,bullish,candle2_past_candle1_wick,0.71875,True,wf-fragile,0.677419,31,True,False,per-instrument,0.070072,wf-fragile,0.05729,31.0,False
post_cisd_context,15min,NQ,bullish,failed_gap_against,0.348263,True,wf-robust,0.360164,2435,True,True,per-instrument,-0.026139,wf-robust,-0.02667,2206.8,False
post_cisd_context,15min,NQ,bullish,failed_gap_against_neither,0.060618,True,wf-robust,0.066119,2435,True,True,per-instrument,,no-baseline,,,False
post_cisd_context,15min,NQ,bullish,failed_gap_against_reversal,0.59112,True,wf-robust,0.573717,2435,True,True,per-instrument,,no-baseline,,,False
post_cisd_context,15min,NQ,bullish,failed_gap_flat,0.380357,True,wf-robust,0.352399,1084,True,True,per-instrument,-0.004123,wf-robust,-0.012786,1084.0,False
post_cisd_context,15min,NQ,bullish,failed_gap_with,0.400842,True,wf-robust,0.412984,2557,True,True,per-instrument,0.021939,wf-robust,0.028819,2214.0,False
post_cisd_context,15min,NQ+ES,bearish,candle2_past_candle1_wick,0.670213,False,wf-fragile,0.526316,57,True,False,inconclusive,0.053259,wf-fragile,-0.106677,40.1,False
post_cisd_context,15min,NQ+ES,bearish,failed_gap_against,0.328674,False,wf-robust,0.342334,4148,True,False,below-baseline,-0.032212,wf-robust,-0.03285,2972.7,True
post_cisd_context,15min,NQ+ES,bearish,failed_gap_against_neither,0.067045,False,wf-robust,0.072324,4148,True,False,no-baseline,,no-baseline,,,False
post_cisd_context,15min,NQ+ES,bearish,failed_gap_against_reversal,0.60428,False,wf-robust,0.585342,4148,True,False,no-baseline,,no-baseline,,,False
post_cisd_context,15min,NQ+ES,bearish,failed_gap_flat,0.357492,False,wf-robust,0.364916,4264,True,False,within-3pp,-0.002596,wf-fragile,-0.001555,3558.4,False
post_cisd_context,15min,NQ+ES,bearish,failed_gap_with,0.387833,False,wf-robust,0.381186,4082,True,False,above-baseline,0.028631,wf-robust,0.027987,3144.7,True
post_cisd_context,15min,NQ+ES,bullish,candle2_past_candle1_wick,0.733333,False,wf-fragile,0.637931,58,True,False,inconclusive,0.066949,wf-fragile,0.036744,46.2,False
post_cisd_context,15min,NQ+ES,bullish,failed_gap_against,0.345778,False,wf-robust,0.358756,3763,True,False,below-baseline,-0.036216,wf-robust,-0.034485,2538.1,True
post_cisd_context,15min,NQ+ES,bullish,failed_gap_against_neither,0.061263,False,wf-robust,0.061919,3763,True,False,no-baseline,,no-baseline,,,False
post_cisd_context,15min,NQ+ES,bullish,failed_gap_against_reversal,0.592959,False,wf-robust,0.579325,3763,True,False,no-baseline,,no-baseline,,,False
post_cisd_context,15min,NQ+ES,bullish,failed_gap_flat,0.38128,False,wf-robust,0.379437,4085,True,False,within-3pp,-0.007606,wf-robust,-0.000497,3870.4,False
post_cisd_context,15min,NQ+ES,bullish,failed_gap_with,0.415782,False,wf-robust,0.402536,4022,True,False,above-baseline,0.029943,wf-robust,0.023358,2969.8,True
post_cisd_context,1H,ES,bearish,candle2_past_candle1_wick,0.555556,False,wf-fragile,0.571429,7,True,False,per-instrument,-0.066037,wf-fragile,-0.047619,5.6,False
post_cisd_context,1H,ES,bearish,failed_gap_against,0.311331,True,wf-robust,0.290698,430,True,True,per-instrument,-0.03271,wf-robust,-0.034891,399.6,False
post_cisd_context,1H,ES,bearish,failed_gap_against_neither,0.135314,True,wf-robust,0.093023,430,True,True,per-instrument,,no-baseline,,,False
post_cisd_context,1H,ES,bearish,failed_gap_against_reversal,0.553355,True,wf-robust,0.616279,430,True,True,per-instrument,,no-baseline,,,False
post_cisd_context,1H,ES,bearish,failed_gap_flat,0.324079,True,wf-robust,0.322667,750,True,True,per-instrument,0.008076,wf-robust,-0.005123,719.0,False
post_cisd_context,1H,ES,bearish,failed_gap_with,0.332922,True,wf-robust,0.350649,385,True,True,per-instrument,0.007161,wf-fragile,0.039739,385.0,False
post_cisd_context,1H,ES,bullish,candle2_past_candle1_wick,0.5,False,wf-fragile,0.166667,6,False,False,per-instrument,-0.055279,wf-fragile,-0.369048,4.4,False
post_cisd_context,1H,ES,bullish,failed_gap_against,0.356291,True,wf-robust,0.378378,370,True,True,per-instrument,-0.03823,wf-robust,-0.026352,370.0,False
post_cisd_context,1H,ES,bullish,failed_gap_against_neither,0.095364,True,wf-robust,0.108108,370,True,True,per-instrument,,no-baseline,,,False
post_cisd_context,1H,ES,bullish,failed_gap_against_reversal,0.548344,True,wf-robust,0.513514,370,True,True,per-instrument,,no-baseline,,,False
post_cisd_context,1H,ES,bullish,failed_gap_flat,0.369949,True,wf-robust,0.385991,671,True,True,per-instrument,-0.002162,wf-fragile,-0.002745,671.0,False
post_cisd_context,1H,ES,bullish,failed_gap_with,0.389755,True,wf-robust,0.367246,403,True,True,per-instrument,0.020904,wf-fragile,0.026836,397.3,False
post_cisd_context,1H,NQ,bearish,candle2_past_candle1_wick,0.769231,False,wf-fragile,0.4,10,False,False,per-instrument,0.161061,wf-fragile,-0.090476,10.0,False
post_cisd_context,1H,NQ,bearish,failed_gap_against,0.303398,True,wf-robust,0.300406,739,True,True,per-instrument,-0.016397,wf-robust,-0.020358,739.0,False
post_cisd_context,1H,NQ,bearish,failed_gap_against_neither,0.112864,True,wf-robust,0.113667,739,True,True,per-instrument,,no-baseline,,,False
post_cisd_context,1H,NQ,bearish,failed_gap_against_reversal,0.583738,True,wf-robust,0.585927,739,True,True,per-instrument,,no-baseline,,,False
post_cisd_context,1H,NQ,bearish,failed_gap_flat,0.320896,True,wf-robust,0.28777,278,True,True,per-instrument,0.018762,wf-fragile,-0.004927,278.0,False
post_cisd_context,1H,NQ,bearish,failed_gap_with,0.330317,True,wf-robust,0.337559,631,True,True,per-instrument,0.006024,wf-fragile,0.025222,605.4,False
post_cisd_context,1H,NQ,bullish,candle2_past_candle1_wick,0.470588,False,wf-fragile,0.636364,11,False,False,per-instrument,-0.040265,wf-fragile,-0.015873,11.0,False
post_cisd_context,1H,NQ,bullish,failed_gap_against,0.338906,True,wf-robust,0.383821,581,True,True,per-instrument,-0.014587,wf-robust,-0.031853,512.0,False
post_cisd_context,1H,NQ,bullish,failed_gap_against_neither,0.100304,True,wf-robust,0.089501,581,True,True,per-instrument,,no-baseline,,,False
post_cisd_context,1H,NQ,bullish,failed_gap_against_reversal,0.56079,True,wf-robust,0.526678,581,True,True,per-instrument,,no-baseline,,,False
post_cisd_context,1H,NQ,bullish,failed_gap_flat,0.338959,True,wf-robust,0.369811,265,True,True,per-instrument,-0.009472,wf-fragile,-0.01048,265.0,False
post_cisd_context,1H,NQ,bullish,failed_gap_with,0.380121,True,wf-robust,0.405446,661,True,True,per-instrument,0.017463,wf-fragile,0.03258,608.7,False
post_cisd_context,1H,NQ+ES,bearish,candle2_past_candle1_wick,0.681818,False,wf-fragile,0.470588,17,False,False,below-n,0.068157,wf-fragile,-0.072829,11.7,False
post_cisd_context,1H,NQ+ES,bearish,failed_gap_against,0.306218,False,wf-robust,0.296835,1169,True,False,inconclusive,-0.022196,wf-robust,-0.025704,917.7,False
post_cisd_context,1H,NQ+ES,bearish,failed_gap_against_neither,0.120845,False,wf-robust,0.106074,1169,True,False,no-baseline,,no-baseline,,,False
post_cisd_context,1H,NQ+ES,bearish,failed_gap_against_reversal,0.572937,False,wf-robust,0.597092,1169,True,False,no-baseline,,no-baseline,,,False
post_cisd_context,1H,NQ+ES,bearish,failed_gap_flat,0.323123,False,wf-robust,0.31323,1028,True,False,within-3pp,0.011285,wf-fragile,-0.00507,906.2,False
post_cisd_context,1H,NQ+ES,bearish,failed_gap_with,0.331306,False,wf-robust,0.34252,1016,True,False,within-3pp,0.006455,wf-fragile,0.030723,830.7,False
post_cisd_context,1H,NQ+ES,bullish,candle2_past_candle1_wick,0.480769,False,wf-fragile,0.470588,17,True,False,inconclusive,-0.045462,wf-fragile,-0.140523,12.8,False
post_cisd_context,1H,NQ+ES,bullish,failed_gap_against,0.345244,False,wf-robust,0.381703,951,True,False,inconclusive,-0.023206,wf-robust,-0.029713,722.9,False
post_cisd_context,1H,NQ+ES,bullish,failed_gap_against_neither,0.098503,False,wf-robust,0.09674,951,True,False,no-baseline,,no-baseline,,,False
post_cisd_context,1H,NQ+ES,bullish,failed_gap_against_reversal,0.556253,False,wf-robust,0.521556,951,True,False,no-baseline,,no-baseline,,,False
post_cisd_context,1H,NQ+ES,bullish,failed_gap_flat,0.361021,False,wf-robust,0.38141,936,True,False,within-3pp,-0.004268,wf-fragile,-0.004935,882.7,False
post_cisd_context,1H,NQ+ES,bullish,failed_gap_with,0.383745,False,wf-robust,0.390977,1064,True,False,inconclusive,0.018758,wf-robust,0.030404,781.2,False
post_cisd_context,4H,ES,bearish,candle2_past_candle1_wick,0.142857,False,wf-fragile,0.5,6,False,False,per-instrument,-0.088435,wf-fragile,0.034722,6.0,False
post_cisd_context,4H,ES,bearish,failed_gap_against,0.223108,True,wf-fragile,0.211864,118,True,False,per-instrument,-0.042095,wf-fragile,-0.047882,112.4,False
post_cisd_context,4H,ES,bearish,failed_gap_against_neither,0.183267,True,wf-fragile,0.245763,118,True,False,per-instrument,,no-baseline,,,False
post_cisd_context,4H,ES,bearish,failed_gap_against_reversal,0.593625,True,wf-fragile,0.542373,118,True,False,per-instrument,,no-baseline,,,False
post_cisd_context,4H,ES,bearish,failed_gap_flat,0.269928,True,wf-robust,0.261905,210,True,True,per-instrument,0.011937,wf-fragile,0.025994,210.0,False
post_cisd_context,4H,ES,bearish,failed_gap_with,0.286957,True,wf-fragile,0.236364,110,True,False,per-instrument,0.019823,wf-fragile,-0.011899,105.7,False
post_cisd_context,4H,ES,bullish,candle2_past_candle1_wick,0.466667,False,wf-fragile,0.8,5,False,False,per-instrument,-0.01094,wf-fragile,0.133333,4.9,False
post_cisd_context,4H,ES,bullish,failed_gap_against,0.263158,True,wf-fragile,0.395833,96,True,False,per-instrument,-0.045958,wf-fragile,-0.03143,96.0,False
post_cisd_context,4H,ES,bullish,failed_gap_against_neither,0.15311,True,wf-fragile,0.145833,96,True,False,per-instrument,,no-baseline,,,False
post_cisd_context,4H,ES,bullish,failed_gap_against_reversal,0.583732,True,wf-fragile,0.458333,96,False,False,per-instrument,,no-baseline,,,False
post_cisd_context,4H,ES,bullish,failed_gap_flat,0.298651,True,wf-robust,0.322404,183,True,True,per-instrument,-0.005584,wf-fragile,-0.043221,183.0,False
post_cisd_context,4H,ES,bullish,failed_gap_with,0.366667,True,wf-fragile,0.491525,118,True,False,per-instrument,0.029141,wf-fragile,0.076981,118.0,False
post_cisd_context,4H,NQ,bearish,candle2_past_candle1_wick,0.4375,False,wf-fragile,0.75,8,False,False,per-instrument,-0.032706,wf-fragile,0.083333,3.5,False
post_cisd_context,4H,NQ,bearish,failed_gap_against,0.224944,True,wf-robust,0.26178,191,True,True,per-instrument,-0.004472,wf-fragile,-0.010338,191.0,False
post_cisd_context,4H,NQ,bearish,failed_gap_against_neither,0.151448,True,wf-robust,0.146597,191,True,True,per-instrument,,no-baseline,,,False
post_cisd_context,4H,NQ,bearish,failed_gap_against_reversal,0.623608,True,wf-robust,0.591623,191,True,True,per-instrument,,no-baseline,,,False
post_cisd_context,4H,NQ,bearish,failed_gap_flat,0.237288,True,wf-fragile,0.275,80,True,False,per-instrument,0.011755,wf-fragile,0.014804,80.0,False
post_cisd_context,4H,NQ,bearish,failed_gap_with,0.230539,True,wf-robust,0.268571,175,True,True,per-instrument,-0.000984,wf-fragile,0.004515,175.0,False
post_cisd_context,4H,NQ,bullish,candle2_past_candle1_wick,0.5,False,wf-fragile,0.571429,7,False,False,per-instrument,-0.026531,wf-fragile,0.159524,5.2,False
post_cisd_context,4H,NQ,bullish,failed_gap_against,0.271429,True,wf-robust,0.315436,149,True,True,per-instrument,-0.023816,wf-robust,0.00012,109.4,False
post_cisd_context,4H,NQ,bullish,failed_gap_against_neither,0.128571,True,wf-robust,0.067114,149,True,True,per-instrument,,no-baseline,,,False
post_cisd_context,4H,NQ,bullish,failed_gap_against_reversal,0.6,True,wf-robust,0.61745,149,True,True,per-instrument,,no-baseline,,,False
post_cisd_context,4H,NQ,bullish,failed_gap_flat,0.296296,True,wf-fragile,0.292308,65,True,False,per-instrument,0.002338,wf-fragile,-0.041535,65.0,False
post_cisd_context,4H,NQ,bullish,failed_gap_with,0.342432,True,wf-robust,0.379888,179,True,True,per-instrument,0.017706,wf-fragile,0.014983,164.2,False
post_cisd_context,4H,NQ+ES,bearish,candle2_past_candle1_wick,0.347826,False,wf-fragile,0.642857,14,False,False,below-n,-0.049667,wf-fragile,0.0625,14.0,False
post_cisd_context,4H,NQ+ES,bearish,failed_gap_against,0.224286,False,wf-robust,0.242718,309,True,False,inconclusive,-0.017963,wf-fragile,-0.024675,294.7,False
post_cisd_context,4H,NQ+ES,bearish,failed_gap_against_neither,0.162857,False,wf-robust,0.184466,309,True,False,no-baseline,,no-baseline,,,False
post_cisd_context,4H,NQ+ES,bearish,failed_gap_against_reversal,0.612857,False,wf-robust,0.572816,309,True,False,no-baseline,,no-baseline,,,False
post_cisd_context,4H,NQ+ES,bearish,failed_gap_flat,0.260152,False,wf-robust,0.265517,290,True,False,inconclusive,0.011883,wf-robust,0.022907,286.7,False
post_cisd_context,4H,NQ+ES,bearish,failed_gap_with,0.253546,False,wf-robust,0.25614,285,True,False,inconclusive,0.007501,wf-fragile,-0.00182,224.6,False
post_cisd_context,4H,NQ+ES,bullish,candle2_past_candle1_wick,0.482759,False,wf-fragile,0.666667,12,False,False,below-n,-0.018467,wf-fragile,0.148611,12.0,False
post_cisd_context,4H,NQ+ES,bullish,failed_gap_against,0.268336,False,wf-robust,0.346939,245,True,False,inconclusive,-0.032095,wf-robust,-0.012243,160.9,False
post_cisd_context,4H,NQ+ES,bullish,failed_gap_against_neither,0.137746,False,wf-robust,0.097959,245,True,False,no-baseline,,no-baseline,,,False
post_cisd_context,4H,NQ+ES,bullish,failed_gap_against_reversal,0.593918,False,wf-robust,0.555102,245,True,False,no-baseline,,no-baseline,,,False
post_cisd_context,4H,NQ+ES,bullish,failed_gap_flat,0.297959,False,wf-robust,0.314516,248,True,False,within-3pp,-0.003256,wf-fragile,-0.042779,219.3,False
post_cisd_context,4H,NQ+ES,bullish,failed_gap_with,0.351477,False,wf-robust,0.424242,297,True,False,inconclusive,0.021974,wf-fragile,0.039615,212.6,False
post_cisd_context,Daily,ES,bearish,candle2_past_candle1_wick,0.0,False,wf-fragile,0.0,0,False,False,per-instrument,,no-baseline,,,False
post_cisd_context,Daily,ES,bearish,failed_gap_against,0.192308,True,wf-fragile,0.235294,34,True,False,per-instrument,-0.04881,wf-fragile,0.002451,34.0,False
post_cisd_context,Daily,ES,bearish,failed_gap_against_neither,0.211538,True,wf-fragile,0.088235,34,True,False,per-instrument,,no-baseline,,,False
post_cisd_context,Daily,ES,bearish,failed_gap_against_reversal,0.596154,False,wf-fragile,0.676471,34,True,False,per-instrument,,no-baseline,,,False
post_cisd_context,Daily,ES,bearish,failed_gap_flat,0.292929,True,wf-fragile,0.142857,35,True,False,per-instrument,0.03735,wf-fragile,-0.033333,34.7,False
post_cisd_context,Daily,ES,bearish,failed_gap_with,0.372093,False,wf-fragile,0.28,25,True,False,per-instrument,-0.047896,wf-fragile,0.043333,14.5,False
post_cisd_context,Daily,ES,bullish,candle2_past_candle1_wick,1.0,False,wf-fragile,1.0,1,True,False,per-instrument,0.0,wf-fragile,0.0,,False
post_cisd_context,Daily,ES,bullish,failed_gap_against,0.386364,False,wf-fragile,0.368421,19,True,False,per-instrument,0.007792,wf-fragile,-0.066667,18.1,False
post_cisd_context,Daily,ES,bullish,failed_gap_against_neither,0.045455,False,wf-fragile,0.052632,19,True,False,per-instrument,,no-baseline,,,False
post_cisd_context,Daily,ES,bullish,failed_gap_against_reversal,0.568182,False,wf-fragile,0.578947,19,True,False,per-instrument,,no-baseline,,,False
post_cisd_context,Daily,ES,bullish,failed_gap_flat,0.321429,True,wf-fragile,0.451613,31,True,False,per-instrument,-0.014541,wf-fragile,-0.050403,21.6,False
post_cisd_context,Daily,ES,bullish,failed_gap_with,0.396226,False,wf-fragile,0.5,24,False,False,per-instrument,0.016577,wf-fragile,0.084028,24.0,False
post_cisd_context,Daily,NQ,bearish,candle2_past_candle1_wick,0.5,False,wf-fragile,0.0,0,False,False,per-instrument,0.0,wf-fragile,,,False
post_cisd_context,Daily,NQ,bearish,failed_gap_against,0.340909,True,wf-fragile,0.181818,44,True,False,per-instrument,0.020635,wf-fragile,-0.041667,41.3,False
post_cisd_context,Daily,NQ,bearish,failed_gap_against_neither,0.113636,True,wf-fragile,0.113636,44,True,False,per-instrument,,no-baseline,,,False
post_cisd_context,Daily,NQ,bearish,failed_gap_against_reversal,0.545455,False,wf-fragile,0.704545,44,True,False,per-instrument,,no-baseline,,,False
post_cisd_context,Daily,NQ,bearish,failed_gap_flat,0.289474,False,wf-fragile,0.0,11,True,False,per-instrument,-0.024603,wf-fragile,-0.121212,10.0,False
post_cisd_context,Daily,NQ,bearish,failed_gap_with,0.359375,True,wf-fragile,0.387097,31,True,False,per-instrument,-0.013765,wf-fragile,0.102151,31.0,False
post_cisd_context,Daily,NQ,bullish,candle2_past_candle1_wick,1.0,False,wf-fragile,1.0,1,True,False,per-instrument,0.0,no-baseline,0.0,,False
post_cisd_context,Daily,NQ,bullish,failed_gap_against,0.391304,False,wf-fragile,0.482759,29,True,False,per-instrument,-0.000759,wf-fragile,0.018883,29.0,False
post_cisd_context,Daily,NQ,bullish,failed_gap_against_neither,0.057971,True,wf-fragile,0.034483,29,True,False,per-instrument,,no-baseline,,,False
post_cisd_context,Daily,NQ,bullish,failed_gap_against_reversal,0.550725,False,wf-fragile,0.482759,29,False,False,per-instrument,,no-baseline,,,False
post_cisd_context,Daily,NQ,bullish,failed_gap_flat,0.342105,False,wf-fragile,0.357143,14,True,False,per-instrument,0.043609,wf-fragile,0.060204,8.0,False
post_cisd_context,Daily,NQ,bullish,failed_gap_with,0.316667,True,wf-fragile,0.366667,30,True,False,per-instrument,-0.026746,wf-fragile,-0.046349,28.0,False
post_cisd_context,Daily,NQ+ES,bearish,candle2_past_candle1_wick,0.5,False,wf-fragile,0.0,0,False,False,no-baseline,0.0,wf-fragile,,,False
post_cisd_context,Daily,NQ+ES,bearish,failed_gap_against,0.285714,False,wf-fragile,0.205128,78,True,False,inconclusive,-0.005159,wf-fragile,-0.022436,78.0,False
post_cisd_context,Daily,NQ+ES,bearish,failed_gap_against_neither,0.15,False,wf-fragile,0.102564,78,True,False,no-baseline,,no-baseline,,,False
post_cisd_context,Daily,NQ+ES,bearish,failed_gap_against_reversal,0.564286,False,wf-fragile,0.692308,78,True,False,no-baseline,,no-baseline,,,False
post_cisd_context,Daily,NQ+ES,bearish,failed_gap_flat,0.291971,False,wf-fragile,0.108696,46,True,False,inconclusive,0.020166,wf-fragile,-0.054348,41.8,False
post_cisd_context,Daily,NQ+ES,bearish,failed_gap_with,0.364486,False,wf-fragile,0.339286,56,True,False,inconclusive,-0.027481,wf-fragile,0.075893,40.9,False
post_cisd_context,Daily,NQ+ES,bullish,candle2_past_candle1_wick,1.0,False,wf-fragile,1.0,2,True,False,no-baseline,0.0,wf-fragile,0.0,,False
post_cisd_context,Daily,NQ+ES,bullish,failed_gap_against,0.389381,False,wf-fragile,0.4375,48,True,False,inconclusive,0.002571,wf-fragile,-0.01498,48.0,False
post_cisd_context,Daily,NQ+ES,bullish,failed_gap_against_neither,0.053097,False,wf-fragile,0.041667,48,True,False,no-baseline,,no-baseline,,,False
post_cisd_context,Daily,NQ+ES,bullish,failed_gap_against_reversal,0.557522,False,wf-fragile,0.520833,48,True,False,no-baseline,,no-baseline,,,False
post_cisd_context,Daily,NQ+ES,bullish,failed_gap_flat,0.327869,False,wf-fragile,0.422222,45,True,False,inconclusive,0.003571,wf-fragile,-0.015992,22.7,False
post_cisd_context,Daily,NQ+ES,bullish,failed_gap_with,0.353982,False,wf-fragile,0.425926,54,True,False,inconclusive,-0.006426,wf-fragile,0.011596,51.5,False
